No,input_points_x,input_points_y,anchor_points_x,anchor_points_y
1,0,0,-0.877987143447578,2.34066519505972
2,-1.83034258887661,4.6512968691933,-3.06718606367727,6.82084008030984
3,-4.65026188159537,8.75188292150733,-6.51467125218903,10.4143485273059
4,-8.56830366794098,11.8380263770544,-10.7427893369789,13.0702913983234
5,-12.9956171318931,14.153340662669,-15.3011350365343,15.1195367829887
6,-17.6435289263943,15.9927683378651,0,0
